,acc_phone_x,acc_phone_y,acc_phone_z,gyr_phone_x,gyr_phone_y,gyr_phone_z,labelWalking,labelSitting,labelBiking,labelStanding,labelRunning,mag_phone_x,mag_phone_y,mag_phone_z
2020-06-02 13:11:00,-6.4005073402009955,-3.4599323967194024,1.8586664255797678,0.017866515468325034,0.03815774129021559,-0.14822540350281924,1,0,0,0,0,14.682659631892536,17.668059267793037,-12.998877084640794
2020-06-02 13:11:30,-3.069139979120398,0.8235203661611938,5.557439364749917,-0.04444553287794361,-0.06776458834063019,-0.018238494065671636,1,0,0,0,0,5.320264825322389,3.405427981447098,-7.659570494701824
2020-06-02 13:12:00,-7.024162134848092,-0.9028481395164181,-0.1815542470344941,-0.11558231519800996,-0.10517957901857378,0.097714252839801,1,0,0,0,0,21.503277560227197,12.46122883408292,-4.879181313106136
2020-06-02 13:12:30,-9.22849228625937,-5.328580155540299,-1.504760535866335,-0.01987314022189055,0.007224184877611943,-0.017090635328689867,1,0,0,0,0,28.607762794403648,21.314881775454396,-14.857959085506801
2020-06-02 13:13:00,-7.666843532707463,0.7133148134371473,-1.3019495968046435,0.07203826138839138,0.017550668206965176,0.1184753416315091,1,0,0,0,0,29.61141835884146,-9.295309012944942,-3.848100101116086
2020-06-02 13:13:30,-6.205126621535986,5.366078247532006,0.5346824504885572,0.00905603287031509,-0.04088859151177446,-0.04237927589320067,1,0,0,0,0,25.437766242517416,-25.39861659470813,1.4447255705907127
2020-06-02 13:14:00,-0.3067761850271972,5.598765764376119,5.907584418468989,0.010453381184742948,0.031114014729684916,0.047419327317081254,1,0,0,0,0,-8.102715869748591,-13.941939955824873,-30.934939701714427
2020-06-02 13:14:30,-0.05985319634494195,2.120228127105473,9.436027580145936,-0.010479085547927031,-0.0033505732941956877,-0.004608846104809285,1,0,0,0,0,-18.456583871469984,-0.950847528293864,-50.69864102141294
2020-06-02 13:15:00,-0.6563687557708127,1.8918438010281924,9.486431570462686,0.004427260945605306,0.0004876404500829193,0.0024295310510779435,1,0,0,0,0,-14.241316592666667,2.514839898610945,-52.69625321077944
2020-06-02 13:15:30,-0.19895006233134327,1.087661182009287,9.657627060166831,0.0008369792046434504,0.00013023544875621917,0.006453772616252073,1,0,0,0,0,-15.568337794461026,7.63723925944942,-52.52859996080929
2020-06-02 13:16:00,-0.3174612786965174,0.7546434472311775,9.692472161583748,0.00015686509618573807,0.00015207466102819275,0.00025653519303482484,1,0,0,0,0,-14.055156567395688,10.988921433321062,-52.81573821361526
2020-06-02 13:16:30,-0.1597042253704441,0.6825658852104043,8.437845755347912,-0.020998519662578718,0.04489503264136559,-0.14494614530891614,1,0,0,0,0,-15.29761578116871,9.924997936007623,-41.83821204577627
2020-06-02 13:17:00,0.09233917373864015,-9.741248392626865,1.3297488526533994,0.0018731417910447753,-0.057969153388723035,0.0004621092998341645,1,0,0,0,0,-6.971332966340299,33.1487156047728,-14.798329003191377
2020-06-02 13:17:30,-0.5458393741004641,-9.74552351919927,1.2721770406618036,-0.006286071379436148,-0.03544715317943616,0.0034298786039801,1,0,0,0,0,1.5219376241575457,37.64906162747927,3.56231243078209
2020-06-02 13:18:00,-0.5812633462238805,-9.748773242069984,1.082592270141957,0.0021325872354111394,0.0056093849476127385,-0.0058626922662466845,1,0,0,0,0,18.35983703788495,35.237003445255304,1.3076098313199593
2020-06-02 13:18:30,-0.8573868658852785,-9.70016555372215,1.3264713631409153,0.004067187850414594,0.03281585557611941,-0.005908153877280265,1,0,0,0,0,11.521808180630183,37.19184930651078,3.3271074234878943
2020-06-02 13:19:00,-1.269786976826534,-9.663206403106468,1.255747465681592,-0.006930045891873963,-0.10095554132338307,0.007490729038474294,1,0,0,0,0,-3.439561100909121,40.78167428032836,-3.082149038751244
2020-06-02 13:19:30,-1.0683313279472813,-5.613176940600132,2.690810448797082,0.038659476957545603,-0.02486961870182422,0.04092874080331675,1,0,0,0,0,8.319229178016915,21.654125055416916,-16.50595095807131
2020-06-02 13:20:00,-2.3396647912922055,2.6366334606567166,7.985921648167826,-0.0464567270583748,-0.007225479998009943,0.0012693692932006528,1,0,0,0,0,7.37528352739237,-15.444644510492537,-35.53035676106799
2020-06-02 13:20:30,-1.4464390299771142,-5.351299725872638,3.204031808438806,-0.1293532392225539,-0.05048035520331674,-0.025449351821227203,1,1,0,0,0,9.357108041688557,21.620059067422886,-18.042443665439137
2020-06-02 13:21:00,-0.660035260608292,-9.804615872965838,0.49932632223681594,-0.0016961772632625995,0.0004596897848143236,-0.00024648173176392577,0,1,0,0,0,11.952150308269228,43.29801744615716,-7.631714514784484
2020-06-02 13:21:30,-0.6567138093913765,-9.803893295971807,0.4990900970461028,-0.0019304252955223882,0.0004322906351575456,-0.0013332365061359869,1,1,0,0,0,11.97746966824544,43.28114791041128,-7.417499082966832
2020-06-02 13:22:00,-0.6706483646799337,-9.800026411826535,0.5286542896354892,-0.0018082601522388057,0.00027616724378109455,0.0003461867150912106,1,0,0,0,0,12.03713126178773,43.27684505830845,-7.565233879028855
2020-06-02 13:22:30,-1.379187899029841,-9.6360090474937,1.3532181964074932,0.014788274247679043,-0.012120382943633963,-0.02134896299071618,1,0,0,0,0,15.075906205979111,41.330029024668434,-9.070825521093834
2020-06-02 13:23:00,-1.685684302946932,-9.589631988960862,1.5139583243737977,0.01784498299038143,-0.04625145529121063,-0.02146858398308458,1,0,0,0,0,12.071069809713762,35.482426298212275,-14.584546525986402
2020-06-02 13:23:30,-1.6244183739671751,-9.654165207323608,0.9141511018836207,-0.0032287521478779843,-0.03215739981962865,-0.011196986110742704,1,0,0,0,0,-9.865238868321947,40.3158084859549,-6.514816334737399
2020-06-02 13:24:00,-1.6929228324328358,-9.653975300841791,0.7057183218769487,-0.002812735329684908,-0.02194895868524047,-0.005006105154892204,1,0,0,0,0,-7.82177920083549,37.78665750995025,-4.3796945346713105
2020-06-02 13:24:30,-1.8541635607009286,-9.581621318382957,1.187606040244695,0.017669745883582083,0.07774997759734659,-0.01383182795787728,1,0,0,0,0,13.865274887735985,40.21523179896186,-10.067001712218904
2020-06-02 13:25:00,-1.697475107226534,-9.607609579521062,1.1630574791804313,0.0031108921608090155,-0.015350482638262601,-0.022152766028514587,1,0,0,0,0,12.820607478125993,40.34169933207891,-26.29117276627454
2020-06-02 13:25:30,-1.870794047047082,-9.572244630329577,1.2769941289157825,0.013413374830182418,-0.008094072726699816,-0.023626896667661688,1,0,0,0,0,-5.102754060842455,48.76066142473631,-3.18174701638441
2020-06-02 13:26:00,-1.9780400276832506,-9.579998142046767,0.9371832070673299,-0.00843541211306366,-0.023499988304376655,-0.003997666773541116,1,0,0,0,0,10.526154116734084,44.35597972461207,-21.41498469554045
2020-06-02 13:26:30,-1.8796627138199005,-9.596067015235489,0.745750249185738,-0.004975580745936986,0.007556025605970148,-0.006604472324709784,1,0,0,0,0,-1.8921156131986734,49.19581408147927,-17.264782795918077
2020-06-02 13:27:00,-1.879758297044098,-9.59898456481996,0.8483673759744694,-0.0014342020082891256,0.009626918373010605,-0.002935948505305039,1,0,0,0,0,-3.2126331367354113,48.207649165175724,-17.475346431157494
2020-06-02 13:27:30,-1.5927170323648423,-9.671347930440797,0.6311930492189054,-0.0019579207475953547,-0.016507482406633498,0.00695700463416252,1,0,0,0,0,-7.004041726786734,43.833690738192374,-17.857014093333333
2020-06-02 13:28:00,-2.054582066775199,-9.511993977269562,1.219384568530504,-0.0009191141329575569,0.0012248357314323607,-0.0025163561780503978,1,0,0,0,0,-8.025634990150861,42.09344776872016,-18.11795965744098
2020-06-02 13:28:30,-1.9318354141412937,-9.589785103405307,1.0184878645058044,0.015921988541625208,0.06314777923184078,-0.02098290368557214,1,0,0,0,0,-3.8930379719598673,38.802228749857385,-8.538593774268325
2020-06-02 13:29:00,-2.0920570052801724,-9.551371937852785,1.4833370524990053,0.02817618859316976,0.01045739054774536,-0.03474894200795756,1,0,0,0,0,19.438844128031832,40.92858748850464,-23.047807769328912
2020-06-02 13:29:30,-1.232141579261028,-7.259332548253732,2.9845064232620233,0.024598773077943614,0.025470741518407967,-0.050248428128689876,1,0,0,0,0,15.391005748450743,27.266700064028523,-6.732600749505141
2020-06-02 13:30:00,-1.5431096441986731,-9.63189440231907,1.5979103124812604,0.018464768389718084,-0.060129119629519064,-0.04233379755091211,1,0,0,0,0,20.964506421861692,44.48086488382753,-8.814610399367165
2020-06-02 13:30:30,-1.752021159226459,-9.60761280929476,1.5325707944161142,0.026820399489721487,-0.003453877389257294,-0.03671317931100796,1,0,0,0,0,16.700153763518234,38.53638471408819,-22.67345425438329
2020-06-02 13:31:00,-2.1630631805114424,-9.470837530778443,1.4423625816301822,0.007952035754892214,0.02262527661890546,-0.03205525859336649,1,0,0,0,0,22.28145225928126,38.42969268238474,-14.794838936102487
2020-06-02 13:31:30,-2.020974715557692,-8.185997141295424,1.8436858465596817,0.05244677897347479,0.04448517288693632,0.04701808322877983,1,0,0,0,0,25.508697902848144,35.44275701834549,-0.03328366870689678
2020-06-02 13:32:00,-0.6432652758576644,-4.308668594474784,4.404016932373258,0.011478316126410081,0.05495023369475781,-0.10028111029163903,1,0,0,0,0,11.946602867301925,19.534006244082285,-7.059350067475447
2020-06-02 13:32:30,-1.376698682646766,-8.694823945904808,1.7466183362411276,0.023735988963184077,0.02296856431840798,-0.023448719304477613,1,0,0,0,0,0.9434469520839146,41.49149042130679,-19.489163253551908
2020-06-02 13:33:00,-1.0730607668945622,-9.67551848201492,1.3953990485109415,0.007475892187002651,0.05097601418335544,-0.017744380919098142,1,0,0,0,0,0.8889674468876012,45.98692417647878,-23.563381093828248
2020-06-02 13:33:30,-1.4719238449814265,-9.649830536805638,1.0770817889432835,0.009693737390713102,0.0407826406620232,-0.01036896310580431,1,0,0,0,0,14.06839161283748,38.98587469857712,-24.360392465137316
2020-06-02 13:34:00,-1.5291974876293102,-9.616150674755637,1.3787984899651857,0.0300167423840796,0.15367210809087894,-0.037108001134660035,1,0,0,0,0,6.947204335441791,41.47342717567164,-12.76901687448491
2020-06-02 13:34:30,-1.6025701248381428,-9.596454269661027,1.381574364506136,-0.029364288981763926,-0.2067905482632626,0.018639945426392576,1,0,0,0,0,5.450114869332559,43.49163062509947,-6.542303545729111
2020-06-02 13:35:00,-1.5855561027004976,-9.590125092910778,1.3230671254729685,-0.008363052562520727,-0.052544316096185754,0.001058588677611944,1,0,0,0,0,-8.509448260850082,43.7341948425141,0.32091128219336656
2020-06-02 13:35:30,-1.7099877127861405,-9.626663776205238,0.9275294816681035,0.0037876649028514594,0.006010270876657824,-0.004468616702917773,1,0,0,0,0,-17.47717730237898,43.13549324555703,-17.445348248846816
2020-06-02 13:36:00,-1.8023537274245438,-9.564135010208956,1.427312485432504,-0.0007891379774461106,-0.040102261035157544,-0.009366795100497517,1,0,0,0,0,-2.0745152019485897,46.079318148779436,-3.1856109568132656
2020-06-02 13:36:30,-1.9075642673338862,-9.541696716095823,1.2882530930941645,0.009581065229111405,0.040004242822944305,-0.012266622880636607,1,0,0,0,0,8.738578087230108,45.2928526168203,-23.112626781468496
2020-06-02 13:37:00,-1.76534134184942,-9.567066625369817,1.33943612079602,0.009099518012603645,0.040861942811276954,-0.011057102929353232,1,0,0,0,0,0.841416983797015,43.25217902841459,-17.116862272675952
2020-06-02 13:37:30,-1.4831182766909814,-9.607937697396551,1.3086283286690983,-0.007832016954575596,-0.03406904288859417,0.0033742237665782496,1,0,0,0,0,-5.403284456423408,38.4997556950199,-23.428664149323605
2020-06-02 13:38:00,-1.7511918603877281,-9.550449439683915,1.3969824227890546,-0.005310631922388065,-0.008911882835157543,-0.0072062964066335,1,0,0,0,0,-8.475429454677943,40.97319379467662,-20.20386479063317
2020-06-02 13:38:30,-1.7417174532665782,-9.575636251173076,1.1768157466986073,0.00026840756462201697,0.0033689924167771895,-0.012575400868700267,1,0,0,0,0,-8.796283760590185,41.98228304325929,-16.3495381099118
2020-06-02 13:39:00,-1.7943420792802656,-9.579271891138308,1.2438303568862354,0.0011570029426202324,-0.11768216659635154,-0.006074743512769478,1,0,0,0,0,13.602174247572803,43.73146358503814,0.14337004352537286
2020-06-02 13:39:30,-1.914391432898541,-9.521024137934681,1.4658214372745357,0.005504332915450928,-0.020116882059018588,-0.026318797716511935,1,0,0,0,0,21.931670688607095,43.4074987340683,-9.525472554979773
2020-06-02 13:40:00,-1.9987013217877985,-9.545622471503647,1.3084702522198277,0.02952993111641791,0.08235100777081261,-0.04251782681558872,1,0,0,0,0,6.871169658162521,47.9414246744345,-10.953455257913765
2020-06-02 13:40:30,-1.9038976900514095,-9.557460233742953,1.2590131125456054,-0.019460943434681702,-0.07370359831763924,0.002773734963527855,1,0,0,0,0,9.63993399053382,43.01742402687998,10.823150705559682
2020-06-02 13:41:00,-1.9549426334263924,-9.574800555323938,0.9603650624535808,-0.011292359719164459,-0.05193208940616711,0.001427204097811671,1,0,0,0,0,16.498290084831897,38.373410918017235,-9.665280744287466
2020-06-02 13:41:30,-2.0481771618311777,-9.538155403279271,1.3957778630169155,0.014139855912437813,-0.043621745597678285,-0.021998075467661696,1,0,0,0,0,-5.11496784137612,43.47863719677944,-15.709196672073299
2020-06-02 13:42:00,-1.8744185886870026,-9.517114314220159,1.570743899765915,0.006187540766578245,-0.03447411461803715,-0.01710892204973475,1,0,0,0,0,-7.936901149506963,43.64861319104443,0.6534790119890583
2020-06-02 13:42:30,-1.9436258709051408,-9.46672037108889,1.806311914250083,0.020236664120066337,0.06784685401492538,-0.02835403957545605,1,0,0,0,0,-0.5258876644248757,34.716128896878935,-11.367697664864012
2020-06-02 13:43:00,-2.0878581771064324,-9.546054712619695,0.9249935085490716,-0.015263418161803712,-0.08391908996651193,0.0029513961561671103,1,0,0,0,0,-7.820926633423407,39.63046693677719,-8.130118999899535
2020-06-02 13:43:30,-1.9941686718730107,-9.54155273495988,1.2513641045460875,0.0151486030026534,0.056146215765505804,-0.01783791871940298,1,0,0,0,0,-8.133264423295191,37.596857881280265,-9.285467802545936
2020-06-02 13:44:00,-1.7037832828414592,-9.572637677083582,1.3578899845927033,-0.03235907566876658,-0.20436370575066312,0.006266084919098146,1,0,0,0,0,14.451614298815318,35.78703286095823,-2.7372926970086207
2020-06-02 13:44:30,-1.805527829196618,-9.55593069398276,1.4678759844648541,0.010761629507294427,0.034534984873673735,-0.026912591942639258,1,0,0,0,0,10.50366078119098,34.71851676465517,-19.42934833604642
2020-06-02 13:45:00,-3.1398547181101164,-6.076265385870979,3.424047020784743,0.04751336963847431,0.002075825661359851,0.046180897237147585,1,0,0,0,0,0.6210996360726367,28.873355097426533,-27.671585310767163
2020-06-02 13:45:30,-6.792330251669651,-4.7369582009333335,5.153525824701824,0.0008618583651741289,-0.02467153988888889,-0.04074790730547263,1,0,0,0,0,10.624927262032505,28.759832406884907,-33.12906298783284
2020-06-02 13:46:00,-4.141582714948659,-3.1259161360195438,5.366889859449156,-0.004429043736074275,0.025708585169429712,-0.027834198903514594,1,0,0,0,0,12.082655301785806,20.12671057552321,-35.135169649011935
2020-06-02 13:46:30,-5.0680687574706464,-5.4070525931767826,3.964904888087562,0.04822276400829188,0.0523440982053068,-0.03706684454726368,1,0,0,0,0,29.760604308126037,26.892408472798337,-33.608251315471975
2020-06-02 13:47:00,-5.784157950799005,-6.3126750132902165,4.677081868643781,-0.06543581164423076,-0.07518332343003978,0.07491467694562334,1,0,0,0,0,24.216137937861735,38.0736342893004,-22.617083633053053
2020-06-02 13:47:30,-5.868007743350133,-6.307365331269563,4.581702489625663,0.029644267010945267,0.02758037465140962,-0.007536522758208955,1,0,0,0,0,24.06514976393698,45.3434259064345,-13.842111443906798
2020-06-02 13:48:00,-5.933687152471309,-6.101650557339967,4.7292807831293535,-0.00526577171518568,-0.004105811751326262,-0.0053359022364058315,1,0,0,0,0,19.22020209275597,37.11501692464854,-31.154301924210877
2020-06-02 13:48:30,-5.995079669643569,-6.12873348246585,4.685457122001989,-0.002181998408955223,-0.0013726168398009973,0.013548952029850748,1,0,0,0,0,19.860415480185736,37.03256959429519,-31.845085890580428
2020-06-02 13:49:00,-6.0532143654875625,-5.969560861162188,4.769048682376451,-0.007725881224137931,-0.007670030895888594,0.0035436466163793093,1,0,0,0,0,18.466189448350793,36.11593014494363,-32.10412305234085
2020-06-02 13:49:30,-6.078341340438328,-5.9249079697682365,4.798961820528514,0.0042591765257048095,-0.0031618463927031515,0.0069493416633499205,1,0,0,0,0,18.451056230173133,35.487325394368156,-31.9074096780199
2020-06-02 13:50:00,-6.099829121148922,-5.868089285327032,4.856597965989386,-0.006537166799403181,-0.008467132894562334,0.0024585442732095496,1,0,0,0,0,18.99101100647546,35.12722511943634,-32.41677263500994
2020-06-02 13:50:30,-6.179253211645109,-5.822911044900167,4.8048721472852405,0.0011658578169154252,0.00012249742686567153,0.014353265882255386,1,0,0,0,0,20.04573414138972,32.99894624268988,-30.905843493645108
2020-06-02 13:51:00,-6.0667672159830905,-6.123329650143236,4.464726064974801,0.0034355058507462674,0.0065184996252072944,-0.011000643350912108,1,0,0,0,0,19.57634559529353,36.295424957094525,-29.863169676132667
2020-06-02 13:51:30,-6.017156363411608,-5.917929472971476,4.918679712095522,-0.03038348354509283,-0.04265391837466844,0.04542362558454908,1,0,0,0,0,25.23832580552487,43.531838338617376,-17.809466981770885
2020-06-02 13:52:00,-6.2286141747148545,-5.485916166285146,5.122893224905835,-0.002662100256716416,-0.008327059352238807,0.007423558257048088,1,0,0,0,0,32.36880240116749,45.82868157134991,-11.018098249825538
2020-06-02 13:52:30,-5.531612524691875,-6.5911236380965175,4.559948731839137,0.007871518418435013,0.009029159356432358,0.0017582795951591487,0,0,0,0,0,30.054511193587533,48.59388672209218,-3.7708715747397217
2020-06-02 13:53:00,-5.975353713864058,-5.9731133462131965,4.851936986344165,0.001776613009618573,-0.003927072048756216,0.005906531335655058,0,0,1,0,0,28.575917298427864,48.05339484775457,-8.832593967775788
2020-06-02 13:53:30,-6.225934545265339,-5.679026522952238,4.9508511197605305,0.011810919707891247,-0.0025200201601458918,-0.004452056737400529,0,0,1,0,0,30.265088125026523,47.021113211031164,-10.64405960368833
2020-06-02 13:54:00,-6.230379121874668,-5.5164875562629305,5.083620036498674,0.01058089491243781,6.011604643449515e-06,-1.7804355555557982e-05,0,0,1,0,0,26.206925244095522,46.745652732998344,-22.564131308791044
2020-06-02 13:54:30,-6.250502858170481,-5.2933887593253734,5.305999152792703,-0.025018245096153847,-0.025306437417440316,0.02959103538229443,0,0,1,0,0,22.73765427639788,40.49017173357195,-14.980937937598474
2020-06-02 13:55:00,-5.915274893687894,-5.863397946489884,5.058288300010282,0.020373924655721395,0.0018233754470978428,-0.008869547945273632,0,0,1,0,0,27.76278533533002,41.922392687910445,-6.2769530541077945
2020-06-02 13:55:30,-6.0944948180676395,-5.523375917539788,5.232509391649535,-0.005623252495522385,-0.00709936842752902,0.011909843230845771,0,0,1,0,0,27.0546024834859,45.673188017588714,-12.378183504660035
2020-06-02 13:56:00,-3.354406813453068,-7.8158952199310106,3.9913886705117747,-0.014417687454575596,-0.02836094437533157,0.0035009567085543813,0,0,1,0,0,25.028199374438326,46.38340489871685,0.4768686370500661
2020-06-02 13:56:30,-1.0270821590726127,-8.982528792256963,3.7908305711598143,0.0011712598975124376,-0.0012685605883913764,0.0002468984620232171,0,0,0,1,0,16.01018181545937,51.174501219794365,4.182574634959535
2020-06-02 13:57:00,-0.9827559505077944,-8.939121895852404,3.900934829937313,-7.818965218832893e-05,0.0003681625262931034,-0.00015196784416445625,0,0,0,1,0,16.653979506996023,51.130229565404505,3.4331042646329575
2020-06-02 13:57:30,-1.04636505411439,-8.901366982246683,3.968157011224469,-0.0011422790222222223,0.001059235310116086,-0.0003641684063018243,0,0,0,1,0,16.983390856739636,51.043501777801,3.0512003580686566
2020-06-02 13:58:00,-1.1273432895014925,-8.858241629533664,4.039561082519404,-0.0002676720653183023,0.00012236350464190967,0.000516366974469496,0,0,0,1,0,17.766030703063663,50.69270755259284,2.5114535627649204
2020-06-02 13:58:30,-1.1563327113846154,-8.793184422507958,4.167617281196949,6.190574096185734e-05,-0.0005927486553897181,0.00042765162520729693,0,0,0,1,0,18.280699165306796,50.54246356766169,1.6249250978288559
2020-06-02 13:59:00,-1.1897585212451078,-8.7660721030199,4.211560720872969,-0.0012561507357427054,0.001843402851458886,-0.0017344604363395222,0,0,0,1,0,18.652605371734087,50.535605620242045,1.123364860908488
2020-06-02 13:59:30,-0.9851815762897878,-8.821898401795425,4.151648432876989,0.0003114993312172471,-9.662946865671626e-05,0.00044554389651741305,0,0,0,1,0,17.626983133966835,50.72923187454063,1.5436979632238805
2020-06-02 14:00:00,-1.0629985379048095,-8.813344694676617,4.149325909973798,-0.0013930156233421755,0.0006101773803050397,-0.0013502437619363392,0,0,0,1,0,17.95172184656167,50.55567745436671,1.6306721917586207
2020-06-02 14:00:30,-0.9535624795429519,-8.809531628955886,4.187177148163515,0.000252210272305141,-0.0005755719084577112,0.0002531709051409619,0,0,0,1,0,18.37418160761526,50.41466053583749,1.003537265676617
2020-06-02 14:01:00,-1.1401097992287799,-8.775142167041114,4.210952761410145,-0.0004166175502487566,0.0015493986547263677,-0.0014636901014925374,0,0,0,1,0,19.303337585469322,50.190695663635154,0.7454199542762853
2020-06-02 14:01:30,-1.2153014740524046,-8.76386048320199,4.2145459061777775,-0.00028309065053050403,0.0006530985059681698,-0.0015404734575596817,0,0,0,1,0,19.498392755149204,50.184679785162466,0.7975026138435013
2020-06-02 14:02:00,-1.2164633554164455,-8.674341653472812,4.391001789184682,-0.00045014595820895526,0.0008278015940298509,-0.0015409441744610283,0,0,0,1,0,19.683358757074625,49.97130035597347,-0.08474796226865669
2020-06-02 14:02:30,-1.2310922687618573,-8.675907213817249,4.384292071448093,-0.0012172323249336871,0.00146761462433687,-0.0014552690125994693,0,0,0,1,0,19.624780336147214,49.919056733000666,-0.044827043853116706
2020-06-02 14:03:00,-1.3543506888395223,-8.923115572132295,3.8197663041624668,-0.003003969592039801,0.0024094681028192367,-0.002379504347761194,0,0,0,1,0,18.368212817764512,50.116718538925376,3.9718470027860695
2020-06-02 14:03:30,-1.4392496023645107,-8.832200905868325,3.996777514096186,-0.0005817676063018244,-0.0014770959880597014,0.0002282886179104478,0,0,0,1,0,19.57731328489884,49.84927429144941,2.454200514353234
2020-06-02 14:04:00,-1.6805781054202324,-8.623055825314427,4.337876007080928,-0.000628751200596817,0.0003099427155172414,-0.0004915584502652521,0,0,0,1,0,21.68074588370358,49.3073504775232,0.0985215993929045
2020-06-02 14:04:30,-1.7143746941213527,-8.668696711161472,4.226529520579576,-0.0018546739306799338,0.004014930392371476,-0.0032894216374792706,0,0,0,1,0,21.34342199290879,49.35013915356882,0.8356630846985074
2020-06-02 14:05:00,-1.6196159713466003,-8.815230722913432,3.968810050848756,0.0004802270865384617,-0.000207776501657825,-0.000659719771551724,0,0,0,1,0,19.891564951674404,49.69963918633621,2.8185218993116714
2020-06-02 14:05:30,-1.6677190128494694,-8.775803308769895,4.0328076491187,-0.0003065278653399665,0.006471909861028192,-0.004337947552238806,0,0,0,1,0,19.661676903820897,49.669846879154235,2.7003452180845766
2020-06-02 14:06:00,-1.4746827347011608,-8.866544016369152,3.91160483062189,-0.0006002221631299738,-0.00028392931508620695,-0.0012065449638594163,0,0,0,1,0,15.29054132399867,51.32402452434682,4.3145945521236735
2020-06-02 14:06:30,-1.6362768969174128,-8.764410285154892,4.042351250496517,-8.512195953565601e-05,-0.009310396094859038,0.004684937647761194,0,0,0,1,0,20.20693080555887,50.09524504508789,2.645807461711111
2020-06-02 14:07:00,-1.843010013894894,-8.554352296627654,4.388995980174735,-0.0022857928116086237,0.010739070614262025,-0.00542897328689884,0,0,0,1,0,23.483587143587396,49.12408622117413,-0.30761016288756227
2020-06-02 14:07:30,-1.9954405098524046,-8.851800744802322,3.713612478232173,-0.0009983145361405837,0.0010429485573607428,-0.0016434542632625996,0,0,0,1,0,17.754101470484084,50.06408505731764,5.220354591184682
2020-06-02 14:08:00,-2.006408801956565,-8.853906277422746,3.7032273815179044,-0.00022252379568822554,0.0007002416789386402,-0.0010429089764510781,0,0,0,1,0,17.685116086912107,50.0846222961791,5.203963074440464
2020-06-02 14:08:30,-2.0830059290726366,-8.82110547147695,3.735302100789055,-0.0011857302868037137,0.0008147653435013258,-0.0006977981624668435,0,0,0,1,0,18.472186457854775,49.73632582303382,4.845907742526194
2020-06-02 14:09:00,-2.0806603632015914,-8.886553159096817,3.582415282647878,-0.00013184859834162516,0.0006447099101160863,-4.4234369485903316e-05,0,0,0,1,0,17.86404090611277,49.73991920638143,5.8633265556849095
2020-06-02 14:09:30,-2.086475927090879,-8.917118646875291,3.505287930161858,-0.0017897516415782495,0.0020463808703580903,-0.0008644708557692306,0,0,0,1,0,17.566210493706897,49.84066010526526,6.515757644201923
2020-06-02 14:10:00,-2.5963451014278607,-9.032028794477613,2.316875316568491,-0.0022823950573797676,0.030982112311111108,-0.004574488769485905,0,0,0,0,0,12.043941813705475,48.8982616088723,10.044033980428853
2020-06-02 14:10:30,-3.227087562465517,-9.188936733180704,1.2203371962927718,-0.005972110447429513,-0.00824669273996685,0.0072180292570480885,0,0,0,0,0,-1.8041879691562188,47.88354493453732,4.3186334562941955
2020-06-02 14:11:00,-3.9898735624679937,-5.761846338080265,2.856916722591045,0.05276718933355439,-0.05651388677718833,0.05810675230868702,0,0,0,0,1,7.791355194070624,27.521196668973143,-8.22105481582394
2020-06-02 14:11:30,-7.091364728421699,-0.6457663290733245,2.4620555935447914,-0.6021525097853352,-0.9167820485713337,-0.21881367071400132,0,0,0,0,1,8.744454541995026,-13.663701689653617,-7.848788478455209
2020-06-02 14:12:00,-14.225236875657048,0.14958674370182434,1.0970826844106136,-1.2141367897737227,-1.5967582721924354,-0.31292457093729265,0,0,0,0,1,36.343460165851695,-15.775645770534506,-10.794225256226609
2020-06-02 14:12:30,-13.103640292517746,0.4057748932288557,1.7247258519187396,-1.1058455816480928,-1.0933622725310117,-0.33808984523615254,0,0,0,0,1,36.74293586961195,-16.379341175996018,-0.43413955410016714
2020-06-02 14:13:00,-10.272068420454545,-6.699650751711679,-0.07331226103483757,0.032137970310218984,-0.09947181234903782,-0.007284273901128097,0,0,0,0,1,33.51666941827671,6.713688061248175,14.700109723618114
2020-06-02 14:13:30,-8.61349032779927,-7.943991631835434,-0.33459546262475115,-0.03188635567418715,-0.044884741671864625,-0.02745276836894494,0,0,0,0,1,34.66178160945554,12.294835687358658,9.90972978351891
2020-06-02 14:14:00,-1.6295375867511614,-9.714586700982416,1.6057857016857997,0.014562000294195689,0.016995348026865673,-0.04868679594195688,0,0,0,0,0,23.97730030509121,38.13275900065671,-16.483012762101826
2020-06-02 14:14:30,-2.060171274662687,-9.365395008579105,1.8595596923870648,0.08401999866832505,0.18574971368291873,-0.02711237738374792,0,0,0,0,0,14.582933512936648,40.007146624676615,-7.581934312413267
2020-06-02 14:15:00,-5.56097241575423,-6.894038946347597,3.847971286607297,0.011941754635157543,-0.006445334753565506,0.0019037253711442796,0,0,1,0,0,38.5063524458607,22.015932761868992,-20.0022743642063
2020-06-02 14:15:30,-5.802925459972811,-5.993880174619695,4.995423551463528,-0.004360949352570482,-0.009196936737313434,0.0022703255724709826,0,0,1,0,0,37.35134379066667,16.4122656497466,-26.265958932109452
2020-06-02 14:16:00,-5.854105032396683,-5.812640462400332,5.218719408177114,0.013218540711111103,0.00979920062222223,0.004646273862686568,0,0,1,0,0,40.47600212096849,21.203735394523385,-15.560115195474296
2020-06-02 14:16:30,-5.964590997050745,-6.072692864711775,4.748806050771807,-0.003475440116710874,-0.0053390818282493336,0.010215612950928384,0,0,1,0,0,41.65061408460544,16.386410351454575,-17.843692516323937
2020-06-02 14:17:00,-5.816937187801724,-5.715584275218501,5.3608938239874,-0.0057581008938640136,-0.01328725377180763,0.021763212649751246,0,0,1,0,0,41.66888918783416,15.443364770027198,-21.036627328878943
2020-06-02 14:17:30,-5.990419624448756,-5.469123664967164,5.403319957230514,0.02637074208026534,0.013802932461691541,-0.012130874491873962,0,0,1,0,0,45.744463068855715,20.986912966814927,-4.174049714013599
2020-06-02 14:18:00,-6.027771503038143,-5.549746009940298,5.260678819799337,0.001907209853448278,-0.008118089121352782,0.008142556005968174,0,0,1,0,0,42.109343602185014,26.620272241777194,-3.5415302145089522
2020-06-02 14:18:30,-6.07735635291943,-5.608284015345159,5.14513991691744,-0.001423899713432836,-0.013769193797678275,-0.0011509455482587028,0,0,1,0,0,44.22944029628524,24.067034178268656,-4.438309399064677
2020-06-02 14:19:00,-6.013010060329353,-5.212962772201658,5.615973115818905,-0.02447048788693634,-0.025662775222480106,0.04752832886074271,0,0,1,0,0,43.85136623788461,20.227795241690316,-15.399683843576923
2020-06-02 14:19:30,-5.978778885611405,-5.361456695275199,5.451078449220491,0.009832170314096184,0.01122878997147595,-0.016011028052072968,0,0,1,0,0,38.35271343723383,13.935149589699835,-27.852966126408955
2020-06-02 14:20:00,-3.170192923014594,-9.002860495039469,1.3087836937230513,-0.023804298627197344,0.03884583274991708,-0.028749258358872307,0,0,1,1,0,18.343938084027197,39.787101568494194,14.186223990706466
2020-06-02 14:20:30,-3.125721620484577,-9.298121819336982,0.6879454300597015,-0.00018741386339522553,-0.0016376936684350128,0.00036141909449602123,1,0,0,1,0,16.33178712926061,41.14724796202255,18.850356225941642
2020-06-02 14:21:00,-3.2347820391727455,-9.24258793018435,0.87797392888561,-0.0004402084706467661,0.000692252263349917,-0.00019276476009950252,1,0,0,0,0,17.424688724547263,40.98044215716086,17.904693330192373
2020-06-02 14:21:30,-3.2664838293296845,-9.226074676966501,0.9760765071283583,0.021334447862068968,0.02351148303945624,-0.023544116256631296,1,0,0,0,0,20.293987946101463,38.66712842627321,12.661942246695293
2020-06-02 14:22:00,-2.95085014321393,-9.333991903702488,1.5599907089940297,0.029931983265008295,0.005828313665339972,-0.032840381933333336,1,0,0,0,0,-1.355616102172471,35.38144407512438,9.513182298144612
2020-06-02 14:22:30,-1.976273226498342,-9.488847366241712,1.28327941733687,-0.024584835146932004,-0.15079637379502486,0.011917913823548924,1,0,0,0,0,16.249326019953894,22.358376285757878,-0.8606636009422897
2020-06-02 14:23:00,-1.6648488245791044,-9.596015927465007,0.7812536830709785,-0.004389585425066312,0.01047988396883289,-0.00965266308057029,1,0,0,0,0,4.4144794189797745,27.331070138564325,-18.17804643138428
2020-06-02 14:23:30,-0.9027987397890548,-9.727116982967495,0.947415858503151,0.0022087692739635153,0.003420382200331677,-0.0010222356046434493,1,0,0,0,0,1.3875293035791045,27.459720025714756,-19.89627092402985
2020-06-02 14:24:00,-2.408032275505305,-9.424831863086208,1.7608927967483423,-0.0021719418328358187,-0.1150814401300166,-0.0067232725386401305,1,0,0,0,0,11.97905301035025,27.776176131233832,0.10879665390845729
2020-06-02 14:24:30,-2.620635385552902,-9.385189120187064,1.7613945740706467,-0.0005088344970159148,-0.039236105130636606,-0.019826457368037134,1,0,0,0,0,23.977172529825598,28.203645731399202,-7.63645696254012
2020-06-02 14:25:00,-2.4520291880182423,-9.402914399564178,1.2342675066381426,0.05234561482918739,0.16245088781525707,-0.038574741033499164,1,0,0,0,0,2.5556647787771145,13.873200406770481,-3.8219243038935318
2020-06-02 14:25:30,-2.757338796661804,-9.322217019044098,1.6107621568444959,0.021033548518407955,0.036101180440796014,-0.021803507629187396,1,0,0,0,0,14.24286555509519,32.171806854162526,-7.413435103117413
2020-06-02 14:26:00,-1.8501567086958541,-5.809000072377115,4.5416313007462685,-0.014161233722056386,-0.14111887721757876,0.08549928856053068,1,0,0,0,0,13.831929523355887,13.407919697354563,-33.707058660236484
2020-06-02 14:26:30,-0.1381127267986065,0.045598640978433976,9.81882885330657,3.225050165837479e-05,6.64497728026534e-05,3.989628424543948e-05,1,0,0,0,0,-5.53725907086932,-31.41382368098508,-89.13630269878607
2020-06-02 14:27:00,-0.15148622701260783,0.04629627782349038,9.803455662761115,1.5447964785927648e-05,3.8650296714238314e-05,-2.435327182210418e-06,1,0,0,0,0,-5.684654389356788,-30.465898302990375,-89.40900755137406
2020-06-02 14:27:30,-0.14027065223265847,0.04233965089213408,9.792033577768004,-4.9943151957531605e-06,2.5732599203715993e-05,3.798682647644326e-05,1,0,0,0,0,-5.567775282708693,-29.4528172194426,-89.35474964284006
2020-06-02 14:28:00,-0.1435121489515594,0.04042459621101527,9.787836831744858,2.660262761367409e-05,3.6215038831729325e-06,6.926346598075008e-05,1,0,0,0,0,-5.9069407903362094,-30.26579488262197,-89.62861146627944
2020-06-02 14:28:30,-0.1550705120136032,0.03948837123689449,9.78053461466722,3.6782381015599084e-05,-0.00013392659210089612,-1.8250940949220043e-05,1,0,0,0,0,-6.158258354223697,-30.821134484258216,-89.89310374041486
2020-06-02 14:29:00,-0.1249960415666888,0.04002032740145986,9.771123147426342,-6.651837105874545e-05,-2.1648519747759717e-05,0.001457679614005974,1,0,0,0,0,4.060031540634583,-22.78992018398075,-74.64209779466977
2020-06-02 14:29:30,-0.10028061605242203,0.03488601422362309,9.769094353717982,-5.204190776376908e-05,3.454045321831452e-05,-3.8444887856668875e-05,1,0,0,0,0,3.5611308081366952,-0.1647742258394161,-69.77205795162243
2020-06-02 14:30:00,-0.1012539403785667,0.03345438613370936,9.76879885010053,5.186928268082282e-05,-1.7022201393497006e-05,6.675906702057067e-05,1,0,0,0,0,3.641607413319841,-0.17989425813603183,-69.63378739182814
2020-06-02 14:30:30,-0.10300501037226278,0.03267470356702057,9.76995091687359,-2.985138022561386e-06,-5.453620106171189e-06,-2.674923788984735e-05,1,0,0,0,0,3.5908930391834772,-0.15441402950763106,-69.68693797636031
2020-06-02 14:31:00,-0.10476109645952222,0.032506837649303254,9.769196066548108,-2.2701805905773056e-05,1.7676942601194423e-05,-4.942592169873922e-05,1,0,0,0,0,3.552919476100863,-0.26205925289946913,-69.6906678846848
2020-06-02 14:31:30,-0.10564432943961513,0.03400069532780359,9.76946658893497,3.631484936960848e-05,-4.361305209024547e-06,-5.904231585932315e-05,1,0,0,0,0,3.5148085525849373,-0.35470068719143993,-69.86355293133377
2020-06-02 14:32:00,-0.10754958219283106,0.03396369011085296,9.767916255717557,1.8157268414067688e-05,-9.295232581287324e-06,4.037254512276045e-05,1,0,0,0,0,3.488065051013272,-0.5065488151307234,-69.75362809854678
2020-06-02 14:32:30,-0.18629928410384872,1.7547703291602523,9.221363508521566,0.019190078083941606,-0.002154539114134041,-0.037143318965162576,1,0,0,0,0,6.98249329332515,-2.9731428783443934,-60.32757639229595
2020-06-02 14:33:00,-1.0845914869007194,5.0994142027784175,8.184909680494965,0.0146349944740634,0.008518446878962539,-0.01354628600576369,1,0,0,0,0,11.467188700958214,-8.851349943308357,-48.36584604590779
